{"coef": [0.24084487371648783, -5.633846026878793], "intercept": 68.34557479868448}