{"coef": [2.076113953954111, -38.0568201151752], "intercept": 680.5970348504474}