{"coef": [41.4526103143915, 0.18103118943547614, -27.040323724326353], "intercept": -529.0256147778337}